sample_id,cluster_label
0,4
1,14
2,2
3,0
4,11
5,14
6,13
7,11
8,10
9,0
10,11
11,2
12,5
13,14
14,6
15,6
16,9
17,14
18,10
19,4
20,3
21,11
22,1
23,12
24,11
25,14
26,12
27,3
28,0
29,8
30,14
31,9
32,7
33,14
34,12
35,11
36,0
37,11
38,8
39,6
40,6
41,13
42,14
43,12
44,0
45,9
46,14
47,11
48,3
49,0
50,12
51,0
52,7
53,14
54,8
55,8
56,12
57,5
58,5
59,0
60,7
61,0
62,8
63,14
64,11
65,4
66,13
67,9
68,9
69,14
70,11
71,11
72,1
73,0
74,14
75,11
76,14
77,0
78,11
79,11
80,6
81,9
82,8
83,14
84,0
85,14
86,0
87,8
88,2
89,9
90,2
91,6
92,9
93,12
94,12
95,12
96,11
97,11
98,0
99,5
100,0
101,8
102,0
103,14
104,14
105,14
106,9
107,7
108,12
109,14
110,14
111,0
112,0
113,8
114,14
115,0
116,11
117,6
118,9
119,9
120,12
121,13
122,14
123,14
124,11
125,14
126,12
127,13
128,2
129,14
130,4
131,3
132,0
133,0
134,12
135,14
136,11
137,14
138,9
139,12
140,12
141,14
142,11
143,0
144,2
145,3
146,11
147,8
148,3
149,0
150,11
151,11
152,3
153,9
154,7
155,3
156,13
157,0
158,0
159,9
160,14
161,11
162,11
163,14
164,11
165,12
166,13
167,12
168,2
169,4
170,0
171,0
172,14
173,0
174,6
175,6
176,11
177,2
178,0
179,5
180,5
181,11
182,12
183,9
184,14
185,4
186,8
187,9
188,3
189,13
190,12
191,13
192,11
193,14
194,3
195,0
196,9
197,11
198,12
199,12
200,5
201,11
202,12
203,11
204,14
205,0
206,5
207,0
208,12
209,13
210,13
211,12
212,4
213,14
214,14
215,11
216,1
217,4
218,0
219,2
220,0
221,11
222,14
223,4
224,8
225,0
226,8
227,11
228,14
229,11
230,14
231,7
232,14
233,0
234,0
235,3
236,10
237,14
238,7
239,9
240,1
241,11
242,11
243,9
244,9
245,14
246,8
247,7
248,6
249,11
250,9
251,12
252,8
253,13
254,9
255,11
256,9
257,3
258,0
259,12
260,12
261,0
262,5
263,11
264,8
265,12
266,13
267,12
268,3
269,14
270,1
271,0
272,14
273,0
274,9
275,2
276,0
277,0
278,12
279,12
280,14
281,13
282,4
283,0
284,2
285,11
286,1
287,0
288,5
289,0
290,14
291,11
292,12
293,0
294,0
295,12
296,4
297,11
298,0
299,12
300,2
301,9
302,12
303,11
304,8
305,0
306,9
307,11
308,9
309,7
310,14
311,8
312,12
313,14
314,2
315,10
316,12
317,9
318,12
319,10
320,0
321,12
322,11
323,12
324,12
325,7
326,0
327,14
328,0
329,9
330,8
331,12
332,12
333,12
334,14
335,0
336,12
337,12
338,8
339,11
340,9
341,5
342,11
343,6
344,8
345,12
346,11
347,0
348,13
349,13
350,0
351,12
352,12
353,12
354,3
355,9
356,0
357,14
358,14
359,12
360,14
361,3
362,11
363,12
364,12
365,14
366,11
367,12
368,14
369,0
370,9
371,0
372,6
373,11
374,14
375,9
376,6
377,5
378,14
379,0
380,5
381,12
382,3
383,12
384,0
385,0
386,7
387,8
388,14
389,11
390,14
391,13
392,12
393,12
394,11
395,7
396,10
397,4
398,10
399,6
400,1
401,14
402,12
403,6
404,12
405,12
406,1
407,7
408,4
409,8
410,0
411,9
412,0
413,7
414,0
415,12
416,11
417,0
418,11
419,9
420,2
421,12
422,7
423,11
424,9
425,0
426,12
427,9
428,4
429,11
430,11
431,14
432,11
433,12
434,11
435,14
436,0
437,0
438,7
439,0
440,0
441,5
442,0
443,13
444,12
445,0
446,0
447,6
448,12
449,6
450,8
451,9
452,12
453,14
454,5
455,0
456,14
457,11
458,0
459,8
460,11
461,14
462,10
463,0
464,0
465,3
466,5
467,2
468,6
469,6
470,0
471,3
472,11
473,11
474,9
475,9
476,13
477,11
478,9
479,0
480,7
481,11
482,0
483,14
484,0
485,8
486,14
487,12
488,12
489,9
490,9
491,11
492,6
493,14
494,4
495,11
496,9
497,12
498,12
499,14
500,3
501,13
502,12
503,13
504,14
505,12
506,8
507,6
508,0
509,11
510,9
511,9
512,11
513,11
514,8
515,12
516,6
517,11
518,1
519,11
520,4
521,13
522,5
523,13
524,3
525,13
526,11
527,7
528,11
529,1
530,12
531,2
532,12
533,4
534,11
535,11
536,14
537,5
538,10
539,9
540,0
541,14
542,6
543,8
544,7
545,11
546,14
547,12
548,1
549,14
550,0
551,11
552,0
553,12
554,9
555,2
556,0
557,11
558,3
559,12
560,12
561,0
562,13
563,6
564,11
565,0
566,8
567,13
568,0
569,0
570,7
571,12
572,11
573,11
574,2
575,13
576,11
577,11
578,8
579,9
580,14
581,14
582,14
583,5
584,11
585,9
586,12
587,14
588,12
589,0
590,12
591,12
592,14
593,12
594,6
595,14
596,4
597,8
598,14
599,12
600,8
601,14
602,2
603,11
604,9
605,6
606,9
607,11
608,2
609,5
610,11
611,0
612,12
613,12
614,3
615,13
616,1
617,7
618,2
619,12
620,14
621,10
622,12
623,11
624,14
625,6
626,2
627,0
628,11
629,1
630,10
631,8
632,8
633,12
634,0
635,8
636,14
637,9
638,12
639,0
640,13
641,6
642,10
643,3
644,6
645,3
646,1
647,13
648,2
649,4
650,6
651,5
652,8
653,7
654,9
655,1
656,5
657,5
658,10
659,4
660,9
661,1
662,5
663,5
664,7
665,3
666,6
667,5
668,5
669,10
670,4
671,1
672,10
673,1
674,9
675,13
676,2
677,5
678,13
679,5
680,6
681,13
682,8
683,5
684,4
685,6
686,3
687,10
688,2
689,9
690,9
691,4
692,8
693,13
694,8
695,4
696,1
697,8
698,3
699,3
700,13
701,1
702,8
703,6
704,10
705,4
706,1
707,4
708,3
709,13
710,1
711,8
712,1
713,6
714,2
715,13
716,13
717,7
718,10
719,13
720,3
721,3
722,6
723,3
724,7
725,4
726,5
727,2
728,13
729,2
730,9
731,9
732,5
733,6
734,2
735,7
736,2
737,7
738,13
739,2
740,3
741,10
742,4
743,7
744,10
745,2
746,9
747,4
748,3
749,7
750,2
751,4
752,2
753,4
754,9
755,8
756,6
757,13
758,2
759,5
760,5
761,2
762,3
763,6
764,13
765,8
766,1
767,9
768,3
769,3
770,3
771,8
772,10
773,9
774,2
775,7
776,5
777,9
778,6
779,3
780,8
781,1
782,6
783,6
784,3
785,9
786,1
787,10
788,5
789,1
790,3
791,10
792,8
793,3
794,13
795,10
796,9
797,8
798,4
799,7
800,8
801,7
802,5
803,7
804,2
805,13
806,1
807,4
808,2
809,7
810,13
811,5
812,7
813,4
814,3
815,1
816,8
817,6
818,10
819,4
820,13
821,7
822,2
823,4
824,7
825,7
826,7
827,8
828,3
829,3
830,13
831,3
832,6
833,7
834,7
835,4
836,3
837,5
838,4
839,7
840,2
841,5
842,6
843,2
844,6
845,5
846,1
847,2
848,13
849,9
850,7
851,3
852,2
853,1
854,1
855,5
856,13
857,2
858,9
859,9
860,7
861,8
862,7
863,8
864,9
865,1
866,2
867,1
868,3
869,13
870,10
871,8
872,2
873,1
874,8
875,9
876,8
877,13
878,3
879,7
880,7
881,10
882,4
883,3
884,5
885,13
886,4
887,2
888,1
889,1
890,5
891,5
892,1
893,9
894,10
895,2
896,6
897,10
898,13
899,5
900,1
901,7
902,2
903,8
904,13
905,7
906,2
907,1
908,7
909,1
910,13
911,1
912,3
913,8
914,10
915,10
916,9
917,3
918,7
919,13
920,9
921,3
922,9
923,1
924,4
925,9
926,5
927,10
928,9
929,10
930,3
931,5
932,3
933,5
934,3
935,10
936,9
937,3
938,7
939,6
940,13
941,2
942,13
943,4
944,4
945,8
946,7
947,13
948,1
949,3
950,5
951,3
952,1
953,10
954,4
955,1
956,5
957,6
958,3
959,8
960,1
961,10
962,10
963,8
964,9
965,3
966,3
967,7
968,4
969,3
970,7
971,8
972,5
973,10
974,13
975,3
976,7
977,13
978,3
979,13
980,7
981,13
982,4
983,2
984,3
985,10
986,13
987,1
988,1
989,3
990,6
991,6
992,5
993,2
994,6
995,13
996,7
997,8
998,13
999,3
1000,13
1001,3
1002,2
1003,7
1004,2
1005,10
1006,8
1007,4
1008,4
1009,9
1010,10
1011,13
1012,4
1013,4
1014,10
1015,3
1016,8
1017,4
1018,3
1019,13
1020,8
1021,9
1022,2
1023,5
1024,4
1025,10
1026,5
1027,8
1028,9
1029,4
1030,13
1031,13
1032,2
1033,9
1034,5
1035,4
1036,2
1037,5
1038,4
1039,10
1040,4
1041,8
1042,10
1043,8
1044,13
1045,2
1046,3
1047,13
1048,4
1049,9
1050,5
1051,7
1052,7
1053,2
1054,3
1055,7
1056,8
1057,13
1058,13
1059,9
1060,5
1061,10
1062,3
1063,4
1064,7
1065,5
1066,9
1067,8
1068,13
1069,3
1070,5
1071,3
1072,10
1073,10
1074,9
1075,2
1076,9
1077,2
1078,8
1079,4
1080,8
1081,4
1082,5
1083,1
1084,9
1085,1
1086,3
1087,7
1088,1
1089,13
1090,3
1091,5
1092,1
1093,7
1094,9
1095,9
1096,4
1097,6
1098,3
1099,1
1100,6
1101,7
1102,13
1103,13
1104,4
1105,1
1106,3
1107,2
1108,1
1109,8
1110,6
1111,8
1112,9
1113,4
1114,4
1115,4
1116,7
1117,1
1118,2
1119,2
1120,13
1121,8
1122,1
1123,9
1124,13
1125,8
1126,2
1127,9
1128,3
1129,4
1130,4
1131,3
1132,5
1133,7
1134,2
1135,7
1136,5
1137,1
1138,13
1139,6
1140,10
1141,2
1142,10
1143,1
1144,5
1145,3
1146,7
1147,5
1148,2
1149,2
1150,1
1151,3
1152,9
1153,4
1154,10
1155,7
1156,8
1157,1
1158,1
1159,9
1160,9
1161,13
1162,5
1163,8
1164,8
1165,3
1166,10
1167,1
1168,3
1169,9
1170,4
1171,3
1172,3
1173,5
1174,13
1175,9
1176,4
1177,4
1178,3
1179,1
1180,2
1181,6
1182,2
1183,3
1184,1
1185,13
1186,3
1187,10
1188,4
1189,2
1190,1
1191,2
1192,10
1193,3
1194,5
1195,2
1196,1
1197,6
1198,6
1199,8
1200,3
1201,10
1202,7
1203,2
1204,10
1205,1
1206,9
1207,9
1208,2
1209,3
1210,9
1211,1
1212,4
1213,5
1214,9
1215,5
1216,2
1217,4
1218,6
1219,10
1220,4
1221,10
1222,9
1223,2
1224,5
1225,4
1226,5
1227,13
1228,8
1229,9
1230,8
1231,1
1232,5
1233,1
1234,1
1235,6
1236,1
1237,3
1238,9
1239,6
1240,4
1241,5
1242,1
1243,5
1244,5
1245,5
1246,3
1247,10
1248,6
1249,1
1250,2
1251,2
1252,4
1253,2
1254,5
1255,5
1256,10
1257,9
1258,6
1259,5
1260,2
1261,3
1262,8
1263,9
1264,2
1265,5
1266,2
1267,13
1268,3
1269,13
1270,4
1271,7
1272,3
1273,3
1274,3
1275,3
1276,1
1277,3
1278,3
1279,3
1280,2
1281,4
1282,13
1283,7
1284,2
1285,2
1286,9
1287,4
1288,5
1289,7
1290,9
1291,2
1292,4
1293,2
1294,10
1295,9
1296,1
1297,2
1298,2
1299,7
1300,9
1301,1
1302,13
1303,5
1304,2
1305,13
1306,9
1307,7
1308,4
1309,10
1310,10
1311,2
1312,9
1313,13
1314,4
1315,7
1316,9
1317,2
1318,10
1319,13
1320,4
1321,13
1322,8
1323,6
1324,7
1325,3
1326,4
1327,3
1328,6
1329,1
1330,4
1331,7
1332,10
1333,7
1334,5
1335,5
1336,10
1337,1
1338,1
1339,6
1340,9
1341,7
1342,8
1343,6
1344,1
1345,10
1346,3
1347,8
1348,10
1349,2
1350,8
1351,1
1352,8
1353,1
1354,13
1355,1
1356,1
1357,2
1358,4
1359,9
1360,2
1361,1
1362,9
1363,4
1364,1
1365,1
1366,6
1367,8
1368,2
1369,4
1370,6
1371,8
1372,6
1373,7
1374,2
1375,5
1376,6
1377,5
1378,10
1379,7
1380,7
1381,3
1382,6
1383,7
1384,6
1385,3
1386,13
1387,13
1388,1
1389,6
1390,13
1391,13
1392,5
1393,7
1394,10
1395,7
1396,10
1397,4
1398,7
1399,7
1400,9
1401,3
1402,1
1403,1
1404,8
1405,7
1406,7
1407,1
1408,5
1409,5
1410,5
1411,3
1412,2
1413,9
1414,5
1415,2
1416,5
1417,10
1418,4
1419,8
1420,8
1421,4
1422,3
1423,13
1424,13
1425,2
1426,3
1427,13
1428,10
1429,7
1430,8
1431,10
1432,13
1433,4
1434,6
1435,4
1436,13
1437,13
1438,5
1439,5
1440,13
1441,10
1442,10
1443,1
1444,4
1445,7
1446,3
1447,2
1448,6
1449,13
1450,7
1451,13
1452,10
1453,1
1454,5
1455,10
1456,1
1457,2
1458,10
1459,2
1460,9
1461,1
1462,2
1463,9
1464,4
1465,5
1466,6
1467,10
1468,10
1469,7
1470,5
1471,13
1472,13
1473,4
1474,7
1475,10
1476,9
1477,5
1478,3
1479,1
1480,6
1481,2
1482,9
1483,3
1484,1
1485,3
1486,5
1487,6
1488,3
1489,3
1490,5
1491,5
1492,3
1493,4
1494,6
1495,4
1496,4
1497,2
1498,13
1499,6
1500,5
1501,2
1502,3
1503,7
1504,9
1505,4
1506,7
1507,3
1508,1
1509,10
1510,13
1511,9
1512,9
1513,2
1514,6
1515,10
1516,3
1517,13
1518,2
1519,3
1520,7
1521,6
1522,1
1523,4
1524,9
1525,3
1526,3
1527,10
1528,8
1529,13
1530,1
1531,5
1532,8
1533,2
1534,3
1535,4
1536,2
1537,9
1538,5
1539,13
1540,4
1541,7
1542,13
1543,6
1544,8
1545,7
1546,3
1547,5
1548,3
1549,4
1550,1
1551,3
1552,10
1553,5
1554,3
1555,10
1556,4
1557,13
1558,2
1559,7
1560,2
1561,10
1562,13
1563,5
1564,5
1565,13
1566,1
1567,4
1568,13
1569,13
1570,10
1571,5
1572,7
1573,7
1574,3
1575,8
1576,13
1577,13
1578,4
1579,5
1580,6
1581,1
1582,10
1583,4
1584,8
1585,4
1586,9
1587,4
1588,6
1589,6
1590,4
1591,4
1592,13
1593,4
1594,8
1595,5
1596,8
1597,1
1598,3
1599,3
1600,13
1601,3
1602,3
1603,13
1604,8
1605,8
1606,13
1607,3
1608,13
1609,7
1610,2
1611,7
1612,10
1613,8
1614,3
1615,6
1616,4
1617,13
1618,8
1619,3
1620,4
1621,6
1622,3
1623,2
1624,5
1625,3
1626,4
1627,1
1628,9
1629,7
1630,5
1631,8
1632,1
1633,1
1634,5
1635,7
1636,6
1637,6
1638,10
1639,3
1640,2
1641,13
1642,1
1643,9
1644,3
1645,9
1646,8
1647,5
1648,1
1649,3
1650,4
1651,3
1652,1
1653,3
1654,1
1655,3
1656,1
1657,1
1658,2
1659,3
1660,8
1661,5
1662,5
1663,9
1664,10
1665,9
1666,2
1667,10
1668,2
1669,5
1670,4
1671,8
1672,3
1673,6
1674,8
1675,7
1676,1
1677,3
1678,5
1679,4
1680,9
1681,4
1682,10
1683,10
1684,3
1685,9
1686,9
1687,6
1688,5
1689,13
1690,10
1691,5
1692,4
1693,8
1694,13
1695,6
1696,8
1697,2
1698,1
1699,9
1700,4
1701,1
1702,9
1703,1
1704,5
1705,5
1706,2
1707,3
1708,4
1709,7
1710,10
1711,8
1712,7
1713,13
1714,9
1715,13
1716,1
1717,4
1718,5
1719,10
1720,5
1721,5
1722,6
1723,10
1724,7
1725,5
1726,10
1727,13
1728,7
1729,6
1730,9
1731,1
1732,2
1733,6
1734,10
1735,2
1736,6
1737,3
1738,10
1739,5
1740,9
1741,8
1742,7
1743,5
1744,4
1745,9
1746,9
1747,5
1748,7
1749,5
1750,10
1751,13
1752,10
1753,7
1754,7
1755,3
1756,4
1757,4
1758,3
1759,2
1760,5
1761,1
1762,1
1763,1
1764,10
1765,13
1766,5
1767,3
1768,8
1769,7
1770,2
1771,4
1772,9
1773,1
1774,7
1775,2
1776,9
1777,10
1778,8
1779,1
1780,7
1781,5
1782,6
1783,2
1784,3
1785,8
1786,10
1787,4
1788,5
1789,13
1790,6
1791,1
1792,1
1793,13
1794,5
1795,13
1796,5
1797,1
1798,7
1799,5
1800,8
1801,4
1802,13
1803,6
1804,2
1805,10
1806,7
1807,13
1808,13
1809,5
1810,9
1811,4
1812,7
1813,6
1814,6
1815,1
1816,8
1817,6
1818,6
1819,5
1820,2
1821,8
1822,3
1823,8
1824,4
1825,1
1826,3
1827,8
1828,3
1829,4
1830,2
1831,10
1832,7
1833,7
1834,1
1835,10
1836,3
1837,8
1838,7
1839,9
1840,2
1841,1
1842,5
1843,6
1844,6
1845,4
1846,6
1847,8
1848,13
1849,13
1850,5
1851,5
1852,9
1853,10
1854,7
1855,2
1856,1
1857,3
1858,4
1859,1
1860,10
1861,4
1862,8
1863,9
1864,4
1865,4
1866,10
1867,6
1868,9
1869,3
1870,1
1871,2
1872,8
1873,9
1874,9
1875,10
1876,4
1877,13
1878,8
1879,2
1880,9
1881,10
1882,3
1883,8
1884,9
1885,1
1886,8
1887,10
1888,10
1889,4
1890,1
1891,4
1892,5
1893,5
1894,1
1895,13
1896,3
1897,1
1898,2
1899,5
1900,10
1901,13
1902,3
1903,3
1904,10
1905,7
1906,7
1907,6
1908,2
1909,5
1910,9
1911,8
1912,3
1913,9
1914,2
1915,13
1916,6
1917,3
1918,9
1919,3
1920,13
1921,7
1922,4
1923,2
1924,1
1925,9
1926,1
1927,5
1928,4
1929,3
1930,10
1931,13
1932,4
1933,3
1934,6
1935,1
1936,7
1937,1
1938,13
1939,2
1940,7
1941,9
1942,10
1943,8
1944,3
1945,5
1946,1
1947,1
1948,13
1949,5
1950,13
1951,1
1952,4
1953,3
1954,5
1955,4
1956,1
1957,3
1958,13
1959,1
1960,13
1961,8
1962,2
1963,1
1964,13
1965,2
1966,3
1967,7
1968,9
1969,6
1970,13
1971,2
1972,3
1973,13
1974,7
1975,9
1976,4
1977,13
1978,2
1979,2
1980,8
1981,10
1982,3
1983,4
1984,7
1985,10
1986,4
1987,9
1988,10
1989,13
1990,13
1991,1
1992,13
1993,5
1994,4
1995,7
1996,1
1997,13
1998,6
1999,2
2000,9
2001,3
2002,7
2003,10
2004,3
2005,4
2006,5
2007,3
2008,4
2009,4
2010,6
2011,9
2012,8
2013,2
2014,4
2015,13
2016,1
2017,13
2018,13
2019,2
2020,4
2021,4
2022,7
2023,13
2024,10
2025,9
2026,13
2027,6
2028,6
2029,10
2030,13
2031,7
2032,7
2033,4
2034,5
2035,9
2036,4
2037,2
2038,2
2039,10
2040,8
2041,9
2042,10
2043,9
2044,10
2045,6
2046,4
2047,3
2048,4
2049,1
2050,8
2051,3
2052,9
2053,8
2054,4
2055,9
2056,2
2057,3
2058,3
2059,10
2060,7
2061,8
2062,13
2063,1
2064,10
2065,2
2066,6
2067,7
2068,1
2069,5
2070,3
2071,1
2072,1
2073,8
2074,2
2075,7
2076,13
2077,1
2078,1
2079,13
2080,7
2081,7
2082,13
2083,3
2084,5
2085,7
2086,3
2087,5
2088,9
2089,9
2090,4
2091,2
2092,4
2093,1
2094,4
2095,5
2096,13
2097,9
2098,13
2099,3
2100,7
2101,1
2102,1
2103,2
2104,13
2105,4
2106,4
2107,7
2108,4
2109,10
2110,8
2111,6
2112,9
2113,8
2114,3
2115,10
2116,8
2117,1
2118,5
2119,13
2120,10
2121,1
2122,1
2123,3
2124,13
2125,3
2126,13
2127,8
2128,10
2129,1
2130,9
2131,1
2132,5
2133,13
2134,2
2135,10
2136,10
2137,10
2138,13
2139,5
2140,3
2141,13
2142,3
2143,3
2144,1
2145,4
2146,13
2147,1
2148,2
2149,2
2150,6
2151,10
2152,7
2153,3
2154,1
2155,9
2156,4
2157,6
2158,6
2159,10
2160,1
2161,9
2162,7
2163,8
2164,7
2165,3
2166,5
2167,2
2168,1
2169,13
2170,5
2171,2
2172,3
2173,6
2174,2
2175,3
2176,4
2177,9
2178,13
2179,7
2180,13
2181,9
2182,5
2183,7
2184,9
2185,10
2186,1
2187,4
2188,1
2189,10
2190,3
2191,9
2192,7
2193,1
2194,5
2195,10
2196,13
2197,2
2198,7
2199,3
2200,5
2201,8
2202,1
2203,7
2204,13
2205,8
2206,9
2207,10
2208,9
2209,13
2210,4
2211,8
2212,10
2213,9
2214,7
2215,9
2216,10
2217,7
2218,10
2219,7
2220,8
2221,1
2222,13
2223,7
2224,9
2225,5
2226,7
2227,2
2228,6
2229,2
2230,9
2231,7
2232,6
2233,13
2234,4
2235,9
2236,8
2237,2
2238,3
2239,2
2240,3
2241,2
2242,4
2243,2
2244,5
2245,4
2246,13
2247,3
2248,4
2249,4
2250,3
2251,3
2252,1
2253,2
2254,7
2255,8
2256,2
2257,3
2258,7
2259,3
2260,13
2261,7
2262,4
2263,1
2264,5
2265,2
2266,1
2267,1
2268,2
2269,13
2270,8
2271,9
2272,13
2273,13
2274,13
2275,10
2276,13
2277,5
2278,8
2279,13
2280,7
2281,7
2282,13
2283,9
2284,5
2285,4
2286,9
2287,3
2288,9
2289,6
2290,10
2291,8
2292,5
2293,1
2294,6
2295,7
2296,10
2297,9
2298,7
2299,13
2300,10
2301,13
2302,6
2303,1
2304,10
2305,13
2306,9
2307,5
2308,7
2309,3
2310,13
2311,9
2312,7
2313,6
2314,5
2315,8
2316,1
2317,10
2318,7
2319,1
2320,1
2321,10
2322,13
2323,1
2324,1
2325,7
2326,8
2327,5
2328,6
2329,10
2330,10
2331,13
2332,10
2333,5
2334,3
2335,1
2336,4
2337,9
2338,1
2339,5
2340,3
2341,7
2342,8
2343,5
2344,1
2345,4
2346,9
2347,13
2348,3
2349,5
2350,10
2351,6
2352,1
2353,6
2354,10
2355,5
2356,8
2357,13
2358,10
2359,8
2360,7
2361,8
2362,13
2363,3
2364,6
2365,2
2366,1
2367,13
2368,7
2369,1
2370,2
2371,10
2372,1
2373,10
2374,1
2375,10
2376,5
2377,2
2378,5
2379,13
2380,10
2381,4
2382,9
2383,7
2384,7
2385,13
2386,1
2387,10
2388,6
2389,1
2390,3
2391,1
2392,3
2393,1
2394,13
2395,6
2396,8
2397,13
2398,3
2399,3
2400,3
2401,7
2402,6
2403,9
2404,1
2405,3
2406,5
2407,8
2408,13
2409,8
2410,4
2411,1
2412,13
2413,5
2414,13
2415,3
2416,9
2417,1
2418,7
2419,4
2420,10
2421,8
2422,9
2423,8
2424,10
2425,2
2426,6
2427,3
2428,9
2429,1
2430,9
2431,4
2432,9
2433,9
2434,4
2435,3
2436,13
2437,7
2438,8
2439,3
2440,7
2441,5
2442,4
2443,13
2444,7
2445,3
2446,6
2447,5
2448,3
2449,5
2450,5
2451,2
2452,3
2453,2
2454,10
2455,9
2456,2
2457,4
2458,8
2459,9
2460,13
2461,5
2462,8
2463,2
2464,6
2465,3
2466,3
2467,7
2468,1
2469,4
2470,2
2471,3
2472,2
2473,3
2474,7
2475,6
2476,3
2477,13
2478,3
2479,6
2480,3
2481,1
2482,9
2483,7
2484,2
2485,8
2486,9
2487,3
2488,6
2489,3
2490,1
2491,9
2492,10
2493,7
2494,9
2495,13
2496,7
2497,10
2498,10
2499,8
2500,1
2501,6
2502,5
2503,7
2504,2
2505,4
2506,10
2507,3
2508,10
2509,6
2510,8
2511,3
2512,4
2513,10
2514,10
2515,3
2516,4
2517,5
2518,7
2519,8
2520,9
2521,4
2522,3
2523,9
2524,5
2525,2
2526,2
2527,7
2528,7
2529,2
2530,7
2531,8
2532,10
2533,3
2534,8
2535,10
2536,5
2537,1
2538,9
2539,8
2540,10
2541,10
2542,1
2543,13
2544,7
2545,6
2546,3
2547,9
2548,2
2549,1
2550,2
2551,10
2552,10
2553,4
2554,5
2555,5
2556,3
2557,13
2558,7
2559,13
2560,3
2561,5
2562,1
2563,4
2564,7
2565,5
2566,1
2567,4
2568,9
2569,3
2570,10
2571,2
2572,10
2573,8
2574,2
2575,4
2576,9
2577,1
2578,2
2579,2
2580,2
2581,4
2582,10
2583,2
2584,4
2585,8
2586,3
2587,8
2588,5
2589,9
2590,10
2591,3
2592,9
2593,5
2594,2
2595,2
2596,1
2597,10
2598,2
2599,9
2600,7
2601,7
2602,13
2603,8
2604,3
2605,9
2606,5
2607,10
2608,9
2609,2
2610,13
2611,5
2612,6
2613,3
2614,4
2615,1
2616,6
2617,13
2618,9
2619,8
2620,2
2621,2
2622,7
2623,10
2624,2
2625,9
2626,8
2627,2
2628,1
2629,7
2630,13
2631,5
2632,1
2633,2
2634,5
2635,3
2636,13
2637,3
2638,3
2639,13
2640,1
2641,8
2642,9
2643,5
2644,10
2645,13
2646,8
2647,1
2648,1
2649,10
2650,8
2651,2
2652,13
2653,2
2654,7
2655,7
2656,5
2657,7
2658,3
2659,10
2660,5
2661,4
2662,5
2663,6
2664,3
2665,9
2666,13
2667,4
2668,3
2669,3
2670,9
2671,9
2672,4
2673,9
2674,1
2675,10
2676,5
2677,3
2678,7
2679,10
2680,1
2681,6
2682,2
2683,4
2684,7
2685,4
2686,5
2687,2
2688,8
2689,4
2690,13
2691,2
2692,10
2693,1
2694,9
2695,7
2696,10
2697,2
2698,13
2699,2
2700,13
2701,10
2702,1
2703,7
2704,10
2705,5
2706,8
2707,5
2708,13
2709,1
2710,3
2711,3
2712,9
2713,5
2714,4
2715,13
2716,7
2717,7
2718,13
2719,1
2720,9
2721,3
2722,6
2723,1
2724,9
2725,9
2726,13
2727,13
2728,3
2729,13
2730,13
2731,3
2732,8
2733,13
2734,8
2735,2
2736,1
2737,13
2738,2
2739,2
2740,10
2741,13
2742,4
2743,13
2744,2
2745,8
2746,10
2747,1
2748,13
2749,9
2750,7
2751,8
2752,10
2753,10
2754,2
2755,4
2756,6
2757,5
2758,13
2759,2
2760,3
2761,7
2762,7
2763,5
2764,13
2765,2
2766,2
2767,2
2768,3
2769,7
2770,9
2771,10
2772,13
2773,13
2774,9
2775,6
2776,3
2777,3
2778,13
2779,10
2780,7
2781,9
2782,9
2783,4
2784,8
2785,1
2786,1
2787,4
2788,9
2789,2
2790,13
2791,1
2792,2
2793,5
2794,4
2795,10
2796,6
2797,8
2798,6
2799,8
2800,6
2801,6
2802,10
2803,5
2804,8
2805,7
2806,1
2807,8
2808,8
2809,5
2810,10
2811,5
2812,9
2813,2
2814,5
2815,4
2816,1
2817,3
2818,3
2819,9
2820,10
2821,2
2822,5
2823,13
2824,3
2825,6
2826,13
2827,2
2828,3
2829,2
2830,5
2831,2
2832,10
2833,10
2834,10
2835,7
2836,8
2837,1
2838,3
2839,3
2840,9
2841,5
2842,13
2843,7
2844,3
2845,3
2846,8
2847,6
2848,9
2849,13
2850,1
2851,2
2852,5
2853,13
2854,2
2855,13
2856,10
2857,1
2858,1
2859,1
2860,2
2861,9
2862,8
2863,5
2864,5
2865,2
2866,3
2867,3
2868,10
2869,2
2870,10
2871,8
2872,10
2873,9
2874,7
2875,13
2876,1
2877,8
2878,8
2879,9
2880,9
2881,10
2882,1
2883,13
2884,10
2885,3
2886,7
2887,7
2888,5
2889,6
2890,7
2891,5
2892,4
2893,4
2894,3
2895,9
2896,5
2897,4
2898,1
2899,13
2900,4
2901,7
2902,7
2903,5
2904,5
2905,9
2906,5
2907,9
2908,1
2909,13
2910,10
2911,6
2912,9
2913,7
2914,6
2915,4
2916,10
2917,13
2918,13
2919,7
2920,5
2921,7
2922,5
2923,8
2924,6
2925,9
2926,10
2927,13
2928,13
2929,7
2930,7
2931,9
2932,4
2933,6
2934,7
2935,2
2936,3
2937,10
2938,8
2939,10
2940,5
2941,7
2942,1
2943,4
2944,2
2945,13
2946,13
2947,6
2948,10
2949,6
2950,2
2951,3
2952,7
2953,5
2954,5
2955,7
2956,1
2957,7
2958,7
2959,9
2960,8
2961,4
2962,7
2963,5
2964,7
2965,7
2966,6
2967,1
2968,10
2969,13
2970,10
2971,7
2972,13
2973,2
2974,3
2975,5
2976,5
2977,3
2978,10
2979,13
2980,3
2981,6
2982,7
2983,3
2984,6
2985,2
2986,9
2987,10
2988,1
2989,10
2990,4
2991,8
2992,4
2993,5
2994,8
2995,3
2996,8
2997,9
2998,7
2999,3
3000,13
3001,1
3002,9
3003,7
3004,1
3005,7
3006,13
3007,3
3008,8
3009,6
3010,10
3011,2
3012,9
3013,7
3014,1
3015,13
3016,10
3017,6
3018,5
3019,3
3020,13
3021,6
3022,2
3023,3
3024,6
3025,3
3026,13
3027,7
3028,10
3029,6
3030,3
3031,9
3032,9
3033,3
3034,10
3035,9
3036,5
3037,1
3038,1
3039,2
3040,3
3041,4
3042,2
3043,9
3044,13
3045,8
3046,13
3047,4
3048,7
3049,2
3050,10
3051,8
3052,10
3053,4
3054,9
3055,1
3056,13
3057,4
3058,2
3059,2
3060,4
3061,4
3062,6
3063,2
3064,9
3065,1
3066,1
3067,7
3068,10
3069,1
3070,7
3071,3
3072,2
3073,3
3074,4
3075,10
3076,1
3077,1
3078,13
3079,1
3080,1
3081,8
3082,8
3083,9
3084,4
3085,5
3086,10
3087,3
3088,10
3089,8
3090,5
3091,4
3092,13
3093,13
3094,1
3095,5
3096,2
3097,4
3098,6
3099,10
3100,1
3101,6
3102,13
3103,2
3104,9
3105,13
3106,5
3107,8
3108,5
3109,3
3110,7
3111,10
3112,8
3113,7
3114,3
3115,2
3116,13
3117,13
3118,3
3119,9
3120,13
3121,1
3122,3
3123,8
3124,8
3125,13
3126,4
3127,9
3128,4
3129,2
3130,5
3131,1
3132,2
3133,3
3134,5
3135,3
3136,7
3137,8
3138,7
3139,10
3140,4
3141,9
3142,4
3143,9
3144,13
3145,13
3146,10
3147,5
3148,7
3149,1
3150,4
3151,8
3152,3
3153,3
3154,8
3155,1
3156,9
3157,2
3158,8
3159,8
3160,8
3161,10
3162,13
3163,6
3164,5
3165,3
3166,5
3167,2
3168,13
3169,8
3170,4
3171,5
3172,8
3173,4
3174,13
3175,13
3176,3
3177,9
3178,10
3179,13
3180,1
3181,7
3182,2
3183,9
3184,2
3185,4
3186,1
3187,2
3188,1
3189,4
3190,9
3191,10
3192,13
3193,6
3194,9
3195,2
3196,7
3197,2
3198,5
3199,7
3200,10
3201,6
3202,13
3203,9
3204,9
3205,8
3206,7
3207,4
3208,9
3209,10
3210,6
3211,5
3212,7
3213,8
3214,13
3215,7
3216,7
3217,3
3218,8
3219,13
3220,2
3221,10
3222,1
3223,5
3224,6
3225,6
3226,9
3227,6
3228,8
3229,5
3230,10
3231,13
3232,6
3233,10
3234,8
3235,4
3236,3
3237,9
3238,2
3239,13
3240,1
3241,10
3242,5
3243,7
3244,1
3245,1
3246,10
3247,1
3248,7
3249,10
3250,2
3251,4
3252,3
3253,4
3254,1
3255,1
3256,9
3257,2
3258,5
3259,13
3260,9
3261,7
3262,13
3263,13
3264,6
3265,7
3266,7
3267,5
3268,4
3269,3
3270,3
3271,5
3272,5
3273,1
3274,13
3275,5
3276,3
3277,4
3278,6
3279,13
3280,3
3281,9
3282,1
3283,10
3284,5
3285,10
3286,10
3287,2
3288,9
3289,4
3290,7
3291,5
3292,13
3293,1
3294,6
3295,1
3296,8
3297,2
3298,5
3299,9
3300,6
3301,13
3302,3
3303,9
3304,2
3305,13
3306,1
3307,7
3308,6
3309,5
3310,1
3311,1
3312,3
3313,10
3314,1
3315,4
3316,13
3317,8
3318,9
3319,8
3320,7
3321,2
3322,5
3323,6
3324,8
3325,1
3326,6
3327,10
3328,9
3329,9
3330,6
3331,4
3332,5
3333,9
3334,7
3335,9
3336,4
3337,10
3338,8
3339,2
3340,5
3341,6
3342,8
3343,10
3344,6
3345,7
3346,5
3347,7
3348,8
3349,7
3350,13
3351,1
3352,3
3353,6
3354,13
3355,13
3356,3
3357,13
3358,1
3359,7
3360,1
3361,2
3362,13
3363,3
3364,3
3365,10
3366,5
3367,9
3368,10
3369,13
3370,4
3371,2
3372,2
3373,8
3374,2
3375,2
3376,10
3377,9
3378,10
3379,7
3380,10
3381,4
3382,10
3383,2
3384,10
3385,1
3386,5
3387,4
3388,6
3389,3
3390,4
3391,9
3392,10
3393,3
3394,13
3395,1
3396,1
3397,7
3398,7
3399,13
3400,2
3401,5
3402,3
3403,9
3404,6
3405,13
3406,1
3407,6
3408,5
3409,7
3410,1
3411,3
3412,5
3413,3
3414,2
3415,9
3416,13
3417,4
3418,6
3419,3
3420,5
3421,13
3422,7
3423,10
3424,3
3425,13
3426,7
3427,4
3428,5
3429,9
3430,5
3431,6
3432,13
3433,2
3434,6
3435,10
3436,3
3437,2
3438,9
3439,7
3440,2
3441,4
3442,2
3443,8
3444,10
3445,13
3446,2
3447,6
3448,5
3449,3
3450,2
3451,13
3452,7
3453,1
3454,2
3455,2
3456,10
3457,7
3458,6
3459,10
3460,13
3461,9
3462,3
3463,9
3464,1
3465,9
3466,2
3467,1
3468,1
3469,2
3470,10
3471,3
3472,13
3473,1
3474,13
3475,7
3476,10
3477,3
3478,5
3479,13
3480,13
3481,10
3482,7
3483,4
3484,6
3485,7
3486,10
3487,9
3488,1
3489,2
3490,13
3491,7
3492,13
3493,3
3494,6
3495,13
3496,3
3497,3
3498,10
3499,7
3500,1
3501,8
3502,8
3503,9
3504,1
3505,8
3506,6
3507,10
3508,2
3509,8
3510,8
3511,3
3512,13
3513,13
3514,7
3515,1
3516,10
3517,2
3518,2
3519,2
3520,2
3521,8
3522,10
3523,1
3524,8
3525,9
3526,8
3527,5
3528,5
3529,3
3530,13
3531,5
3532,2
3533,9
3534,10
3535,7
3536,10
3537,5
3538,1
3539,13
3540,2
3541,10
3542,4
3543,3
3544,10
3545,13
3546,9
3547,9
3548,9
3549,4
3550,9
3551,8
3552,7
3553,1
3554,9
3555,7
3556,7
3557,7
3558,8
3559,3
3560,5
3561,1
3562,1
3563,5
3564,3
3565,3
3566,2
3567,9
3568,9
3569,1
3570,5
3571,3
3572,6
3573,6
3574,3
3575,7
3576,4
3577,5
3578,8
3579,9
3580,3
3581,7
3582,2
3583,2
3584,2
3585,5
3586,10
3587,9
3588,3
3589,10
3590,3
3591,2
3592,2
3593,3
3594,2
3595,5
3596,8
3597,8
3598,1
3599,9
3600,2
3601,9
3602,7
3603,4
3604,9
3605,7
3606,9
3607,8
3608,4
3609,5
3610,1
3611,6
3612,2
3613,2
3614,1
3615,4
3616,4
3617,8
3618,5
3619,3
3620,10
3621,10
3622,6
3623,6
3624,7
3625,7
3626,8
3627,10
3628,1
3629,9
3630,3
3631,6
3632,9
3633,1
3634,5
3635,2
3636,1
3637,5
3638,10
3639,8
3640,2
3641,1
3642,5
3643,5
3644,2
3645,13
3646,8
3647,6
3648,3
3649,9
3650,3
3651,2
3652,9
3653,13
3654,13
3655,1
3656,1
3657,3
3658,5
3659,8
3660,2
3661,4
3662,13
3663,3
3664,5
3665,6
3666,6
3667,1
3668,13
3669,5
3670,1
3671,8
3672,7
3673,5
3674,2
3675,2
3676,8
3677,3
3678,8
3679,7
3680,4
3681,13
3682,1
3683,10
3684,9
3685,9
3686,9
3687,2
3688,3
3689,8
3690,3
3691,10
3692,5
3693,10
3694,4
3695,9
3696,3
3697,4
3698,2
3699,10
3700,13
3701,1
3702,4
3703,10
3704,10
3705,2
3706,3
3707,9
3708,10
3709,9
3710,4
3711,1
3712,9
3713,5
3714,10
3715,2
3716,1
3717,7
3718,2
3719,8
3720,7
3721,7
3722,8
3723,13
3724,10
3725,13
3726,1
3727,2
3728,5
3729,2
3730,6
3731,13
3732,8
3733,9
3734,9
3735,9
3736,7
3737,3
3738,9
3739,3
3740,13
3741,7
3742,10
3743,7
3744,9
3745,2
3746,9
3747,3
3748,10
3749,6
3750,10
3751,10
3752,10
3753,8
3754,7
3755,5
3756,9
3757,7
3758,6
3759,9
3760,1
3761,3
3762,9
3763,1
3764,1
3765,1
3766,13
3767,1
3768,5
3769,9
3770,1
3771,13
3772,5
3773,2
3774,13
3775,2
3776,9
3777,3
3778,2
3779,9
3780,1
3781,13
3782,3
3783,7
3784,5
3785,1
3786,5
3787,1
3788,5
3789,3
3790,13
3791,10
3792,13
3793,2
3794,4
3795,10
3796,13
3797,7
3798,4
3799,9
3800,4
3801,1
3802,3
3803,4
3804,5
3805,8
3806,4
3807,1
3808,2
3809,9
3810,5
3811,5
3812,13
3813,4
3814,9
3815,7
3816,7
3817,3
3818,1
3819,5
3820,5
3821,6
3822,1
3823,8
3824,7
3825,10
3826,2
3827,10
3828,9
3829,1
3830,9
3831,13
3832,4
3833,10
3834,7
3835,3
3836,3
3837,4
3838,3
3839,5
3840,2
3841,5
3842,10
3843,7
3844,4
3845,8
3846,10
3847,3
3848,1
3849,8
3850,7
3851,10
3852,8
3853,4
3854,1
3855,9
3856,13
3857,4
3858,7
3859,13
3860,8
3861,7
3862,13
3863,2
3864,3
3865,5
3866,8
3867,7
3868,3
3869,1
3870,8
3871,1
3872,4
3873,7
3874,7
3875,3
3876,2
3877,10
3878,9
3879,1
3880,1
3881,3
3882,2
3883,3
3884,1
3885,9
3886,10
3887,2
3888,3
3889,5
3890,8
3891,8
3892,9
3893,8
3894,3
3895,9
3896,3
3897,2
3898,7
3899,4
3900,4
3901,6
3902,6
3903,1
3904,3
3905,10
3906,2
3907,10
3908,6
3909,10
3910,9
3911,6
3912,3
3913,4
3914,13
3915,8
3916,7
3917,9
3918,1
3919,2
3920,3
3921,6
3922,13
3923,5
3924,7
3925,3
3926,5
3927,7
3928,2
3929,8
3930,13
3931,10
3932,2
3933,5
3934,6
3935,4
3936,3
3937,9
3938,3
3939,7
3940,13
3941,7
3942,2
3943,3
3944,2
3945,1
3946,3
3947,13
3948,6
3949,2
3950,9
3951,3
3952,9
3953,4
3954,6
3955,2
3956,7
3957,10
3958,10
3959,4
3960,8
3961,13
3962,5
3963,9
3964,10
3965,3
3966,2
3967,6
3968,8
3969,13
3970,10
3971,10
3972,13
3973,10
3974,5
3975,4
3976,2
3977,3
3978,8
3979,13
3980,7
3981,7
3982,13
3983,4
3984,6
3985,1
3986,3
3987,9
3988,7
3989,6
3990,7
3991,7
3992,2
3993,7
3994,13
3995,13
3996,5
3997,3
3998,1
3999,13
4000,13
4001,9
4002,2
4003,4
4004,1
4005,1
4006,4
4007,9
4008,2
4009,9
4010,9
4011,7
4012,10
4013,2
4014,6
4015,2
4016,1
4017,13
4018,5
4019,6
4020,9
4021,13
4022,1
4023,3
4024,4
4025,5
4026,13
4027,4
4028,9
4029,8
4030,3
4031,5
4032,6
4033,9
4034,4
4035,2
4036,13
4037,10
4038,3
4039,6
4040,6
4041,7
4042,3
4043,6
4044,9
4045,5
4046,4
4047,4
4048,6
4049,5
4050,4
4051,2
4052,8
4053,7
4054,6
4055,7
4056,8
4057,8
4058,9
4059,6
4060,3
4061,8
4062,8
4063,2
4064,6
4065,10
4066,10
4067,8
4068,9
4069,2
4070,7
4071,5
4072,10
4073,9
4074,4
4075,13
4076,8
4077,6
4078,5
4079,5
4080,9
4081,6
4082,10
4083,2
4084,7
4085,3
4086,7
4087,1
4088,4
4089,9
4090,13
4091,1
4092,4
4093,9
4094,13
4095,8
4096,7
4097,3
4098,6
4099,13
4100,5
4101,5
4102,3
4103,4
4104,9
4105,9
4106,1
4107,2
4108,2
4109,7
4110,6
4111,10
4112,10
4113,7
4114,1
4115,9
4116,7
4117,10
4118,8
4119,9
4120,1
4121,1
4122,9
4123,2
4124,9
4125,3
4126,13
4127,5
4128,2
4129,1
4130,6
4131,9
4132,5
4133,2
4134,5
4135,10
4136,3
4137,13
4138,3
4139,13
4140,5
4141,13
4142,2
4143,9
4144,4
4145,4
4146,2
4147,4
4148,2
4149,7
4150,2
4151,4
4152,9
4153,5
4154,7
4155,13
4156,2
4157,10
4158,8
4159,3
4160,3
4161,8
4162,6
4163,1
4164,10
4165,5
4166,13
4167,4
4168,6
4169,4
4170,4
4171,13
4172,4
4173,13
4174,10
4175,5
4176,2
4177,5
4178,8
4179,1
4180,13
4181,8
4182,9
4183,3
4184,10
4185,5
4186,7
4187,4
4188,13
4189,1
4190,13
4191,5
4192,6
4193,13
4194,5
4195,9
4196,9
4197,13
4198,1
4199,5
4200,3
4201,2
4202,6
4203,10
4204,2
4205,3
4206,13
4207,1
4208,2
4209,7
4210,5
4211,3
4212,13
4213,5
4214,6
4215,9
4216,8
4217,3
4218,8
4219,9
4220,5
4221,9
4222,4
4223,3
4224,2
4225,6
4226,7
4227,5
4228,13
4229,4
4230,13
4231,1
4232,8
4233,2
4234,3
4235,4
4236,6
4237,1
4238,2
4239,10
4240,2
4241,5
4242,6
4243,5
4244,3
4245,7
4246,1
4247,6
4248,8
4249,3
4250,5
4251,10
4252,6
4253,7
4254,4
4255,6
4256,10
4257,13
4258,2
4259,7
4260,6
4261,7
4262,9
4263,7
4264,2
4265,10
4266,4
4267,9
4268,2
4269,13
4270,3
4271,3
4272,3
4273,1
4274,1
4275,5
4276,13
4277,3
4278,8
4279,13
4280,2
4281,13
4282,8
4283,6
4284,6
4285,2
4286,2
4287,3
4288,3
4289,10
4290,4
4291,9
4292,9
4293,7
4294,5
4295,7
4296,10
4297,5
4298,5
4299,6
4300,3
4301,7
4302,1
4303,10
4304,6
4305,13
4306,5
4307,7
4308,6
4309,13
4310,3
4311,3
4312,1
4313,13
4314,7
4315,2
4316,9
4317,3
4318,13
4319,13
4320,3
4321,8
4322,2
4323,5
4324,2
4325,7
4326,9
4327,5
4328,2
4329,10
4330,10
4331,3
4332,3
4333,6
4334,3
4335,8
4336,8
4337,7
4338,2
4339,13
4340,3
4341,7
4342,1
4343,3
4344,9
4345,2
4346,4
4347,6
4348,8
4349,5
4350,5
4351,7
4352,3
4353,13
4354,9
4355,3
4356,3
4357,9
4358,9
4359,9
4360,3
4361,13
4362,6
4363,5
4364,13
4365,3
4366,13
4367,3
4368,1
4369,6
4370,2
4371,4
4372,7
4373,2
4374,9
4375,9
4376,10
4377,9
4378,9
4379,10
4380,7
4381,1
4382,5
4383,9
4384,6
4385,6
4386,5
4387,3
4388,3
4389,1
4390,4
4391,4
4392,1
4393,7
4394,13
4395,6
4396,1
4397,3
4398,10
4399,10
4400,13
4401,1
4402,13
4403,2
4404,7
4405,13
4406,1
4407,6
4408,4
4409,5
4410,1
4411,7
4412,7
4413,6
4414,3
4415,7
4416,4
4417,10
4418,4
4419,13
4420,13
4421,4
4422,4
4423,8
4424,5
4425,6
4426,9
4427,6
4428,3
4429,5
4430,7
4431,5
4432,5
4433,1
4434,9
4435,4
4436,5
4437,3
4438,3
4439,7
4440,2
4441,2
4442,8
4443,9
4444,1
4445,1
4446,2
4447,10
4448,3
4449,13
4450,13
4451,7
4452,2
4453,2
4454,4
4455,9
4456,9
4457,1
4458,3
4459,5
4460,3
4461,5
4462,8
4463,4
4464,6
4465,13
4466,10
4467,4
4468,6
4469,13
4470,2
4471,3
4472,6
4473,4
4474,5
4475,9
4476,2
4477,6
4478,6
4479,6
4480,3
4481,3
4482,8
4483,2
4484,7
4485,2
4486,13
4487,4
4488,13
4489,9
4490,10
4491,2
4492,13
4493,5
4494,3
4495,4
4496,6
4497,13
4498,1
4499,7
4500,6
4501,10
4502,7
4503,8
4504,13
4505,1
4506,8
4507,8
4508,13
4509,10
4510,6
4511,7
4512,7
4513,6
4514,1
4515,13
4516,2
4517,5
4518,3
4519,10
4520,4
4521,5
4522,10
4523,1
4524,3
4525,2
4526,13
4527,5
4528,3
4529,7
4530,7
4531,2
4532,5
4533,3
4534,1
4535,7
4536,6
4537,13
4538,13
4539,7
4540,10
4541,13
4542,6
4543,3
4544,8
4545,3
4546,6
4547,3
4548,10
4549,3
4550,1
4551,5
4552,10
4553,2
4554,9
4555,10
4556,6
4557,6
4558,10
4559,2
4560,4
4561,9
4562,4
4563,7
4564,9
4565,3
4566,5
4567,1
4568,10
4569,8
4570,9
4571,1
4572,3
4573,4
4574,2
4575,7
4576,13
4577,13
4578,10
4579,6
4580,8
4581,3
4582,4
4583,8
4584,2
4585,2
4586,1
4587,7
4588,13
4589,10
4590,3
4591,13
4592,5
4593,7
4594,7
4595,3
4596,7
4597,1
4598,2
4599,13
4600,9
4601,6
4602,6
4603,6
4604,1
4605,3
4606,2
4607,2
4608,5
4609,13
4610,1
4611,6
4612,1
4613,1
4614,13
4615,6
4616,2
4617,4
4618,7
4619,9
4620,7
4621,3
4622,3
4623,5
4624,13
4625,10
4626,9
4627,5
4628,2
4629,1
4630,8
4631,13
4632,1
4633,7
4634,2
4635,4
4636,9
4637,3
4638,8
4639,9
4640,5
4641,8
4642,1
4643,13
4644,4
4645,10
4646,10
4647,13
4648,8
4649,6
4650,1
4651,8
4652,9
4653,3
4654,10
4655,10
4656,3
4657,5
4658,3
4659,3
4660,3
4661,2
4662,5
4663,7
4664,8
4665,5
4666,5
4667,3
4668,3
4669,5
4670,8
4671,6
4672,4
4673,6
4674,2
4675,5
4676,13
4677,7
4678,4
4679,6
4680,7
4681,5
4682,3
4683,6
4684,5
4685,1
4686,3
4687,5
4688,8
4689,9
4690,9
4691,1
4692,7
4693,10
4694,1
4695,3
4696,5
4697,9
4698,3
4699,6
4700,9
4701,2
4702,13
4703,13
4704,9
4705,7
4706,6
4707,10
4708,6
4709,1
4710,9
4711,2
4712,5
4713,8
4714,13
4715,13
4716,1
4717,6
4718,9
4719,4
4720,6
4721,8
4722,1
4723,1
4724,5
4725,4
4726,7
4727,1
4728,9
4729,6
4730,2
4731,1
4732,5
4733,4
4734,8
4735,2
4736,6
4737,4
4738,8
4739,8
4740,3
4741,8
4742,5
4743,8
4744,6
4745,7
4746,5
4747,8
4748,8
4749,1
4750,13
4751,4
4752,1
4753,6
4754,3
4755,8
4756,6
4757,3
4758,3
4759,9
4760,2
4761,1
4762,5
4763,7
4764,8
4765,8
4766,9
4767,3
4768,13
4769,4
4770,9
4771,10
4772,5
4773,8
4774,3
4775,1
4776,4
4777,8
4778,1
4779,5
4780,13
4781,4
4782,9
4783,13
4784,5
4785,13
4786,13
4787,2
4788,4
4789,5
4790,1
4791,10
4792,9
4793,13
4794,6
4795,3
4796,13
4797,3
4798,1
4799,2
4800,5
4801,9
4802,9
4803,7
4804,13
4805,6
4806,1
4807,13
4808,7
4809,5
4810,3
4811,9
4812,3
4813,7
4814,13
4815,13
4816,5
4817,1
4818,3
4819,5
4820,13
4821,9
4822,4
4823,6
4824,9
4825,6
4826,2
4827,1
4828,6
4829,13
4830,13
4831,1
4832,4
4833,6
4834,8
4835,3
4836,13
4837,10
4838,5
4839,2
4840,1
4841,4
4842,10
4843,4
4844,3
4845,2
4846,6
4847,8
4848,9
4849,10
4850,7
4851,5
4852,9
4853,9
4854,3
4855,4
4856,5
4857,8
4858,7
4859,7
4860,9
4861,2
4862,1
4863,6
4864,6
4865,3
4866,9
4867,7
4868,4
4869,3
4870,10
4871,3
4872,7
4873,1
4874,2
4875,3
4876,4
4877,9
4878,9
4879,13
4880,2
4881,8
4882,4
4883,2
4884,10
4885,10
4886,4
4887,5
4888,8
4889,2
4890,3
4891,4
4892,3
4893,1
4894,13
4895,2
4896,8
4897,1
4898,10
4899,10
4900,2
4901,5
4902,9
4903,8
4904,1
4905,1
4906,3
4907,3
4908,13
4909,1
4910,3
4911,6
4912,7
4913,4
4914,1
4915,5
4916,7
4917,8
4918,4
4919,3
4920,13
4921,13
4922,13
4923,9
4924,8
4925,6
4926,4
4927,7
4928,9
4929,8
4930,4
4931,4
4932,5
4933,13
4934,3
4935,10
4936,2
4937,3
4938,2
4939,2
4940,3
4941,5
4942,13
4943,8
4944,13
4945,8
4946,4
4947,5
4948,9
4949,7
4950,3
4951,5
4952,6
4953,4
4954,1
4955,13
4956,6
4957,2
4958,3
4959,4
4960,2
4961,5
4962,1
4963,2
4964,7
4965,1
4966,9
4967,3
4968,5
4969,8
4970,6
4971,2
4972,5
4973,7
4974,3
4975,4
4976,4
4977,1
4978,13
4979,1
4980,1
4981,6
4982,6
4983,9
4984,3
4985,5
4986,7
4987,9
4988,4
4989,8
4990,13
4991,13
4992,4
4993,8
4994,4
4995,9
4996,8
4997,7
4998,8
4999,5
5000,10
5001,7
5002,1
5003,5
5004,5
5005,13
5006,4
5007,13
5008,10
5009,3
5010,4
5011,2
5012,2
5013,10
5014,5
5015,2
5016,1
5017,1
5018,9
5019,2
5020,7
5021,2
5022,9
5023,1
5024,13
5025,4
5026,8
5027,10
5028,13
5029,5
5030,8
5031,13
5032,5
5033,2
5034,3
5035,9
5036,13
5037,3
5038,13
5039,7
5040,8
5041,3
5042,4
5043,7
5044,5
5045,9
5046,1
5047,8
5048,10
5049,13
5050,10
5051,13
5052,13
5053,1
5054,6
5055,9
5056,1
5057,3
5058,5
5059,9
5060,13
5061,4
5062,5
5063,5
5064,13
5065,9
5066,10
5067,7
5068,7
5069,4
5070,9
5071,3
5072,2
5073,1
5074,6
5075,4
5076,10
5077,7
5078,10
5079,7
5080,6
5081,6
5082,6
5083,9
5084,4
5085,9
5086,6
5087,8
5088,13
5089,4
5090,8
5091,2
5092,9
5093,8
5094,5
5095,7
5096,9
5097,6
5098,13
5099,13
5100,9
5101,7
5102,8
5103,13
5104,5
5105,3
5106,13
5107,10
5108,1
5109,1
5110,4
5111,6
5112,8
5113,10
5114,1
5115,3
5116,7
5117,1
5118,10
5119,13
5120,1
5121,7
5122,7
5123,10
5124,4
5125,13
5126,3
5127,13
5128,8
5129,9
5130,1
5131,8
5132,8
5133,10
5134,4
5135,1
5136,9
5137,8
5138,2
5139,4
5140,4
5141,9
5142,6
5143,5
5144,2
5145,13
5146,1
5147,8
5148,9
5149,6
5150,8
5151,10
5152,7
5153,13
5154,10
5155,7
5156,10
5157,7
5158,1
5159,6
5160,2
5161,3
5162,1
5163,8
5164,2
5165,13
5166,9
5167,9
5168,10
5169,1
5170,4
5171,1
5172,9
5173,4
5174,13
5175,3
5176,6
5177,8
5178,10
5179,3
5180,1
5181,5
5182,2
5183,9
5184,8
5185,3
5186,9
5187,3
5188,4
5189,4
5190,4
5191,8
5192,13
5193,2
5194,6
5195,7
5196,9
5197,13
5198,3
5199,3
5200,4
5201,9
5202,4
5203,3
5204,6
5205,10
5206,3
5207,13
5208,6
5209,5
5210,3
5211,8
5212,3
5213,4
5214,3
5215,3
5216,6
5217,8
5218,8
5219,13
5220,5
5221,1
5222,6
5223,7
5224,2
5225,10
5226,10
5227,9
5228,3
5229,5
5230,13
5231,2
5232,4
5233,2
5234,1
5235,13
5236,8
5237,7
5238,7
5239,3
5240,10
5241,2
5242,1
5243,2
5244,13
5245,5
5246,5
5247,8
5248,1
5249,1
5250,9
5251,8
5252,5
5253,2
5254,7
5255,10
5256,5
5257,10
5258,10
5259,6
5260,13
5261,1
5262,4
5263,8
5264,5
5265,13
5266,3
5267,3
5268,5
5269,6
5270,2
5271,3
5272,6
5273,5
5274,9
5275,9
5276,5
5277,1
5278,9
5279,5
5280,9
5281,8
5282,10
5283,7
5284,9
5285,2
5286,1
5287,2
5288,5
5289,3
5290,1
5291,7
5292,1
5293,4
5294,2
5295,3
5296,3
5297,10
5298,9
5299,3
5300,10
5301,8
5302,4
5303,9
5304,9
5305,3
5306,13
5307,8
5308,9
5309,2
5310,1
5311,5
5312,7
5313,2
5314,3
5315,4
5316,1
5317,7
5318,4
5319,1
5320,5
5321,1
5322,7
5323,8
5324,13
5325,2
5326,3
5327,7
5328,5
5329,4
5330,1
5331,3
5332,13
5333,7
5334,2
5335,8
5336,5
5337,2
5338,3
5339,8
5340,8
5341,10
5342,3
5343,13
5344,6
5345,5
5346,3
5347,10
5348,3
5349,6
5350,10
5351,8
5352,8
5353,7
5354,7
5355,3
5356,8
5357,2
5358,3
5359,6
5360,8
5361,2
5362,6
5363,13
5364,1
5365,13
5366,2
5367,3
5368,7
5369,4
5370,8
5371,13
5372,10
5373,2
5374,9
5375,7
5376,2
5377,13
5378,13
5379,9
5380,5
5381,2
5382,5
5383,3
5384,6
5385,6
5386,3
5387,13
5388,10
5389,2
5390,6
5391,8
5392,13
5393,5
5394,3
5395,8
5396,2
5397,13
5398,8
5399,6
5400,3
5401,1
5402,9
5403,6
5404,7
5405,3
5406,6
5407,10
5408,7
5409,6
5410,7
5411,5
5412,2
5413,1
5414,1
5415,6
5416,3
5417,4
5418,2
5419,10
5420,7
5421,5
5422,9
5423,9
5424,7
5425,1
5426,8
5427,8
5428,1
5429,1
5430,2
5431,10
5432,5
5433,5
5434,10
5435,3
5436,5
5437,2
5438,3
5439,1
5440,4
5441,5
5442,10
5443,10
5444,5
5445,7
5446,5
5447,2
5448,7
5449,3
5450,9
5451,9
5452,5
5453,8
5454,7
5455,9
5456,1
5457,10
5458,5
5459,5
5460,13
5461,7
5462,4
5463,4
5464,9
5465,9
5466,6
5467,8
5468,4
5469,4
5470,7
5471,13
5472,2
5473,13
5474,9
5475,13
5476,3
5477,7
5478,4
5479,1
5480,13
5481,9
5482,4
5483,9
5484,1
5485,4
5486,7
5487,2
5488,13
5489,5
5490,7
5491,8
5492,5
5493,3
5494,10
5495,13
5496,3
5497,4
5498,9
5499,1
5500,4
5501,4
5502,7
5503,8
5504,4
5505,7
5506,5
5507,8
5508,10
5509,1
5510,7
5511,9
5512,6
5513,7
5514,4
5515,1
5516,1
5517,2
5518,7
5519,5
5520,5
5521,3
5522,5
5523,6
5524,10
5525,2
5526,2
5527,9
5528,9
5529,7
5530,10
5531,10
5532,10
5533,5
5534,5
5535,5
5536,5
5537,9
5538,1
5539,9
5540,13
5541,1
5542,5
5543,9
5544,5
5545,10
5546,1
5547,7
5548,2
5549,5
5550,5
5551,5
5552,3
5553,10
5554,7
5555,8
5556,3
5557,13
5558,13
5559,3
5560,1
5561,5
5562,2
5563,6
5564,6
5565,5
5566,1
5567,10
5568,7
5569,13
5570,13
5571,5
5572,5
5573,3
5574,13
5575,3
5576,9
5577,6
5578,3
5579,7
5580,10
5581,9
5582,3
5583,5
5584,7
5585,3
5586,9
5587,9
5588,5
5589,8
5590,5
5591,6
5592,10
5593,3
5594,7
5595,5
5596,6
5597,1
5598,3
5599,8
5600,4
5601,8
5602,2
5603,5
5604,5
5605,7
5606,2
5607,1
5608,7
5609,5
5610,6
5611,10
5612,5
5613,5
5614,1
5615,5
5616,3
5617,7
5618,1
5619,13
5620,6
5621,7
5622,10
5623,8
5624,3
5625,3
5626,2
5627,6
5628,1
5629,9
5630,8
5631,2
5632,6
5633,10
5634,2
5635,5
5636,5
5637,10
5638,5
5639,5
5640,2
5641,2
5642,6
5643,7
5644,9
5645,13
5646,2
5647,2
5648,8
5649,1
5650,2
5651,2
5652,1
5653,2
5654,3
5655,2
5656,4
5657,2
5658,1
5659,4
5660,13
5661,13
5662,3
5663,13
5664,2
5665,9
5666,13
5667,13
5668,8
5669,2
5670,2
5671,13
5672,1
5673,13
5674,1
5675,6
5676,10
5677,6
5678,13
5679,5
5680,1
5681,1
5682,4
5683,9
5684,2
5685,6
5686,10
5687,7
5688,8
5689,10
5690,3
5691,13
5692,5
5693,8
5694,5
5695,1
5696,13
5697,9
5698,8
5699,2
5700,8
5701,9
5702,4
5703,3
5704,8
5705,7
5706,4
5707,6
5708,7
5709,13
5710,2
5711,7
5712,5
5713,2
5714,2
5715,1
5716,10
5717,4
5718,5
5719,8
5720,3
5721,5
5722,5
5723,9
5724,4
5725,6
5726,3
5727,2
5728,1
5729,9
5730,3
5731,7
5732,13
5733,7
5734,5
5735,10
5736,5
5737,7
5738,13
5739,9
5740,13
5741,3
5742,8
5743,9
5744,10
5745,1
5746,7
5747,5
5748,5
5749,3
5750,6
5751,3
5752,6
5753,1
5754,13
5755,6
5756,13
5757,10
5758,2
5759,4
5760,1
5761,1
5762,7
5763,10
5764,5
5765,2
5766,9
5767,6
5768,9
5769,1
5770,7
5771,1
5772,13
5773,9
5774,1
5775,5
5776,7
5777,5
5778,9
5779,5
5780,13
5781,8
5782,2
5783,2
5784,9
5785,4
5786,5
5787,10
5788,3
5789,6
5790,9
5791,13
5792,7
5793,2
5794,7
5795,7
5796,1
5797,8
5798,1
5799,8
5800,6
5801,8
5802,6
5803,1
5804,6
5805,1
5806,2
5807,13
5808,1
5809,6
5810,3
5811,2
5812,6
5813,5
5814,9
5815,3
5816,1
5817,1
5818,13
5819,13
5820,5
5821,8
5822,13
5823,1
5824,10
5825,6
5826,7
5827,1
5828,4
5829,10
5830,5
5831,5
5832,13
5833,13
5834,3
5835,2
5836,9
5837,3
5838,13
5839,13
5840,5
5841,10
5842,5
5843,2
5844,3
5845,5
5846,10
5847,3
5848,1
5849,8
5850,3
5851,9
5852,5
5853,13
5854,10
5855,6
5856,3
5857,1
5858,8
5859,9
5860,3
5861,2
5862,6
5863,3
5864,2
5865,3
5866,4
5867,9
5868,3
5869,6
5870,3
5871,13
5872,1
5873,9
5874,5
5875,3
5876,9
5877,10
5878,4
5879,10
5880,8
5881,8
5882,6
5883,6
5884,6
5885,4
5886,10
5887,13
5888,13
5889,7
5890,9
5891,5
5892,13
5893,5
5894,4
5895,9
5896,7
5897,9
5898,3
5899,10
5900,8
5901,7
5902,9
5903,10
5904,1
5905,4
5906,1
5907,9
5908,9
5909,10
5910,3
5911,10
5912,13
5913,9
5914,8
5915,8
5916,2
5917,1
5918,2
5919,4
5920,13
5921,2
5922,5
5923,9
5924,2
5925,9
5926,8
5927,3
5928,10
5929,6
5930,7
5931,5
5932,8
5933,13
5934,1
5935,3
5936,5
5937,6
5938,9
5939,3
5940,6
5941,2
5942,5
5943,4
5944,3
5945,9
5946,10
5947,1
5948,3
5949,2
5950,1
5951,6
5952,3
5953,10
5954,8
5955,7
5956,2
5957,9
5958,9
5959,7
5960,13
5961,9
5962,9
5963,8
5964,1
5965,3
5966,3
5967,13
5968,2
5969,4
5970,7
5971,2
5972,9
5973,7
5974,10
5975,1
5976,4
5977,13
5978,4
5979,4
5980,10
5981,13
5982,5
5983,1
5984,5
5985,3
5986,5
5987,7
5988,3
5989,8
5990,1
5991,7
5992,13
5993,2
5994,2
5995,1
5996,5
5997,9
5998,7
5999,1
6000,4
6001,10
6002,9
6003,13
6004,7
6005,2
6006,10
6007,7
6008,4
6009,3
6010,13
6011,7
6012,3
6013,5
6014,3
6015,6
6016,4
6017,5
6018,10
6019,13
6020,13
6021,1
6022,9
6023,5
6024,5
6025,9
6026,8
6027,5
6028,2
6029,13
6030,7
6031,7
6032,6
6033,6
6034,4
6035,4
6036,13
6037,9
6038,7
6039,4
6040,7
6041,5
6042,5
6043,6
6044,2
6045,13
6046,9
6047,13
6048,7
6049,1
6050,3
6051,8
6052,8
6053,9
6054,3
6055,10
6056,2
6057,8
6058,8
6059,13
6060,13
6061,10
6062,8
6063,9
6064,7
6065,3
6066,6
6067,2
6068,1
6069,13
6070,13
6071,5
6072,1
6073,2
6074,1
6075,10
6076,7
6077,2
6078,7
6079,13
6080,1
6081,1
6082,3
6083,13
6084,13
6085,13
6086,3
6087,3
6088,5
6089,13
6090,8
6091,4
6092,1
6093,13
6094,10
6095,13
6096,1
6097,9
6098,1
6099,13
6100,7
6101,6
6102,9
6103,13
6104,1
6105,7
6106,2
6107,2
6108,1
6109,13
6110,1
6111,13
6112,13
6113,13
6114,13
6115,3
6116,5
6117,7
6118,6
6119,3
6120,2
6121,1
6122,10
6123,13
6124,9
6125,3
6126,2
6127,5
6128,5
6129,3
6130,1
6131,2
6132,9
6133,2
6134,9
6135,1
6136,3
6137,10
6138,4
6139,7
6140,13
6141,10
6142,3
6143,9
6144,10
6145,5
6146,5
6147,8
6148,8
6149,5
6150,2
6151,6
6152,6
6153,13
6154,1
6155,10
6156,13
6157,3
6158,1
6159,1
6160,2
6161,3
6162,4
6163,13
6164,8
6165,1
6166,9
6167,13
6168,9
6169,13
6170,7
6171,10
6172,10
6173,3
6174,7
6175,13
6176,1
6177,13
6178,9
6179,1
6180,7
6181,8
6182,4
6183,8
6184,7
6185,5
6186,6
6187,3
6188,1
6189,3
6190,9
6191,6
6192,6
6193,6
6194,5
6195,4
6196,5
6197,2
6198,1
6199,9
6200,2
6201,10
6202,9
6203,1
6204,10
6205,8
6206,5
6207,13
6208,5
6209,6
6210,9
6211,9
6212,3
6213,5
6214,2
6215,13
6216,7
6217,6
6218,10
6219,13
6220,9
6221,5
6222,6
6223,1
6224,8
6225,13
6226,7
6227,9
6228,1
6229,13
6230,10
6231,8
6232,6
6233,7
6234,1
6235,5
6236,5
6237,2
6238,1
6239,10
6240,5
6241,1
6242,7
6243,8
6244,3
6245,9
6246,4
6247,7
6248,7
6249,3
6250,9
6251,1
6252,4
6253,8
6254,6
6255,9
6256,9
6257,6
6258,7
6259,10
6260,6
6261,5
6262,4
6263,5
6264,8
6265,3
6266,7
6267,6
6268,1
6269,4
6270,9
6271,2
6272,8
6273,6
6274,9
6275,5
6276,10
6277,4
6278,9
6279,6
6280,9
6281,6
6282,13
6283,7
6284,9
6285,2
6286,3
6287,2
6288,6
6289,2
6290,5
6291,7
6292,3
6293,3
6294,3
6295,5
6296,1
6297,5
6298,3
6299,7
6300,3
6301,2
6302,13
6303,10
6304,1
6305,3
6306,7
6307,9
6308,13
6309,1
6310,5
6311,3
6312,3
6313,7
6314,7
6315,13
6316,6
6317,5
6318,1
6319,6
6320,13
6321,7
6322,1
6323,2
6324,8
6325,6
6326,1
6327,7
6328,7
6329,6
6330,9
6331,10
6332,13
6333,2
6334,2
6335,3
6336,8
6337,3
6338,3
6339,9
6340,6
6341,7
6342,5
6343,2
6344,4
6345,13
6346,2
6347,1
6348,4
6349,6
6350,1
6351,5
6352,7
6353,4
6354,5
6355,13
6356,3
6357,13
6358,7
6359,3
6360,3
6361,6
6362,4
6363,4
6364,2
6365,9
6366,5
6367,4
6368,6
6369,8
6370,13
6371,9
6372,2
6373,10
6374,13
6375,13
6376,1
6377,8
6378,5
6379,13
6380,1
6381,10
6382,2
6383,10
6384,13
6385,9
6386,9
6387,9
6388,2
6389,7
6390,7
6391,5
6392,2
6393,13
6394,7
6395,3
6396,5
6397,6
6398,8
6399,6
6400,3
6401,6
6402,7
6403,3
6404,5
6405,6
6406,6
6407,3
6408,13
6409,6
6410,2
6411,10
6412,7
6413,8
6414,7
6415,9
6416,3
6417,2
6418,1
6419,7
6420,13
6421,4
6422,1
6423,9
6424,9
6425,5
6426,9
6427,2
6428,1
6429,10
6430,3
6431,3
6432,1
6433,1
6434,4
6435,5
6436,1
6437,3
6438,4
6439,9
6440,2
6441,8
6442,13
6443,7
6444,8
6445,10
6446,6
6447,6
6448,9
6449,2
6450,10
6451,3
6452,13
6453,6
6454,3
6455,3
6456,8
6457,7
6458,1
6459,9
6460,9
6461,7
6462,8
6463,1
6464,10
6465,2
6466,2
6467,4
6468,2
6469,5
6470,7
6471,7
6472,13
6473,5
6474,3
6475,10
6476,2
6477,10
6478,5
6479,5
6480,8
6481,7
6482,6
6483,2
6484,10
6485,1
6486,8
6487,5
6488,1
6489,6
6490,10
6491,8
6492,13
6493,13
6494,13
6495,9
6496,2
6497,5
6498,4
6499,2
6500,2
6501,9
6502,13
6503,3
6504,7
6505,10
6506,5
6507,7
6508,1
6509,9
6510,5
6511,2
6512,9
6513,10
6514,7
6515,5
6516,6
6517,6
6518,13
6519,13
6520,10
6521,7
6522,8
6523,8
6524,6
6525,10
6526,3
6527,9
6528,7
6529,10
6530,13
6531,2
6532,7
6533,3
6534,7
6535,8
6536,10
6537,6
6538,10
6539,2
6540,10
6541,4
6542,8
6543,3
6544,1
6545,8
6546,6
6547,1
6548,3
6549,8
6550,7
6551,5
6552,3
6553,2
6554,1
6555,1
6556,9
6557,13
6558,10
6559,7
6560,6
6561,7
6562,2
6563,5
6564,4
6565,2
6566,9
6567,1
6568,3
6569,13
6570,9
6571,9
6572,3
6573,5
6574,13
6575,7
6576,9
6577,9
6578,9
6579,5
6580,6
6581,10
6582,3
6583,2
6584,10
6585,9
6586,6
6587,3
6588,8
6589,9
6590,5
6591,10
6592,7
6593,5
6594,5
6595,5
6596,13
6597,1
6598,9
6599,8
6600,5
6601,6
6602,2
6603,4
6604,13
6605,1
6606,1
6607,10
6608,7
6609,9
6610,3
6611,8
6612,10
6613,9
6614,7
6615,8
6616,13
6617,13
6618,1
6619,8
6620,13
6621,3
6622,5
6623,9
6624,13
6625,5
6626,8
6627,4
6628,3
6629,9
6630,4
6631,3
6632,10
6633,3
6634,6
6635,4
6636,5
6637,4
6638,9
6639,13
6640,3
6641,10
6642,5
6643,5
6644,13
6645,4
6646,13
6647,2
6648,2
6649,1
6650,13
6651,13
6652,1
6653,1
6654,1
6655,10
6656,5
6657,6
6658,3
6659,4
6660,4
6661,1
6662,3
6663,5
6664,10
6665,6
6666,13
6667,2
6668,13
6669,13
6670,9
6671,7
6672,5
6673,5
6674,8
6675,9
6676,1
6677,13
6678,5
6679,2
6680,2
6681,10
6682,7
6683,3
6684,3
6685,9
6686,9
6687,7
6688,5
6689,2
6690,13
6691,2
6692,13
6693,1
6694,3
6695,6
6696,5
6697,2
6698,1
6699,2
6700,3
6701,4
6702,5
6703,10
6704,6
6705,6
6706,5
6707,9
6708,4
6709,3
6710,6
6711,2
6712,9
6713,4
6714,13
6715,8
6716,2
6717,7
6718,9
6719,10
6720,13
6721,2
6722,8
6723,8
6724,7
6725,4
6726,13
6727,5
6728,9
6729,9
6730,6
6731,3
6732,5
6733,13
6734,8
6735,6
6736,2
6737,6
6738,1
6739,4
6740,5
6741,9
6742,8
6743,5
6744,2
6745,2
6746,3
6747,1
6748,6
6749,2
6750,7
6751,1
6752,9
6753,3
6754,13
6755,7
6756,13
6757,13
6758,13
6759,7
6760,7
6761,3
6762,6
6763,7
6764,3
6765,7
6766,4
6767,1
6768,5
6769,8
6770,1
6771,3
6772,3
6773,3
6774,6
6775,3
6776,6
6777,5
6778,2
6779,7
6780,10
6781,8
6782,7
6783,10
6784,5
6785,10
6786,9
6787,4
6788,4
6789,10
6790,3
6791,5
6792,4
6793,4
6794,4
6795,10
6796,1
6797,13
6798,2
6799,1
6800,2
6801,1
6802,6
6803,1
6804,2
6805,2
6806,8
6807,13
6808,9
6809,2
6810,5
6811,3
6812,3
6813,2
6814,4
6815,5
6816,5
6817,6
6818,13
6819,9
6820,9
6821,10
6822,8
6823,13
6824,2
6825,9
6826,13
6827,10
6828,2
6829,3
6830,8
6831,13
6832,4
6833,1
6834,7
6835,4
6836,5
6837,7
6838,3
6839,13
6840,2
6841,4
6842,1
6843,3
6844,2
6845,3
6846,2
6847,5
6848,4
6849,7
6850,3
6851,3
6852,3
6853,1
6854,13
6855,8
6856,6
6857,5
6858,7
6859,10
6860,8
6861,9
6862,6
6863,9
6864,6
6865,3
6866,3
6867,13
6868,1
6869,13
6870,4
6871,4
6872,10
6873,4
6874,3
6875,10
6876,6
6877,10
6878,9
6879,2
6880,13
6881,4
6882,4
6883,10
6884,10
6885,4
6886,10
6887,5
6888,4
6889,1
6890,8
6891,7
6892,13
6893,7
6894,10
6895,5
6896,2
6897,7
6898,5
6899,7
6900,3
6901,7
6902,2
6903,13
6904,10
6905,6
6906,13
6907,3
6908,13
6909,10
6910,5
6911,3
6912,5
6913,13
6914,1
6915,3
6916,3
6917,4
6918,3
6919,9
6920,8
6921,7
6922,10
6923,4
6924,9
6925,3
6926,5
6927,13
6928,10
6929,2
6930,5
6931,6
6932,13
6933,9
6934,4
6935,13
6936,5
6937,7
6938,2
6939,4
6940,8
6941,3
6942,3
6943,1
6944,3
6945,5
6946,13
6947,9
6948,7
6949,9
6950,10
6951,7
6952,7
6953,3
6954,13
6955,2
6956,9
6957,3
6958,9
6959,13
6960,3
6961,5
6962,3
6963,7
6964,10
6965,5
6966,13
6967,9
6968,10
6969,4
6970,10
6971,4
6972,7
6973,2
6974,5
6975,13
6976,10
6977,13
6978,1
6979,4
6980,3
6981,2
6982,8
6983,8
6984,6
6985,13
6986,7
6987,13
6988,10
6989,9
6990,13
6991,9
6992,9
6993,2
6994,7
6995,3
6996,13
6997,7
6998,5
6999,4
7000,1
7001,1
7002,5
7003,5
7004,9
7005,2
7006,13
7007,10
7008,2
7009,10
7010,3
7011,5
7012,3
7013,9
7014,13
7015,13
7016,6
7017,8
7018,10
7019,10
7020,1
7021,8
7022,6
7023,13
7024,10
7025,6
7026,7
7027,7
7028,4
7029,13
7030,8
7031,1
7032,3
7033,10
7034,13
7035,13
7036,13
7037,7
7038,10
7039,6
7040,10
7041,1
7042,6
7043,13
7044,1
7045,6
7046,3
7047,10
7048,6
7049,4
7050,9
7051,10
7052,7
7053,10
7054,3
7055,8
7056,7
7057,1
7058,13
7059,5
7060,10
7061,2
7062,6
7063,10
7064,7
7065,1
7066,5
7067,3
7068,3
7069,13
7070,2
7071,7
7072,4
7073,6
7074,4
7075,7
7076,6
7077,13
7078,9
7079,1
7080,6
7081,4
7082,13
7083,3
7084,4
7085,10
7086,3
7087,4
7088,9
7089,7
7090,2
7091,7
7092,9
7093,4
7094,5
7095,8
7096,8
7097,3
7098,7
7099,2
7100,4
7101,10
7102,1
7103,2
7104,1
7105,4
7106,2
7107,13
7108,2
7109,7
7110,10
7111,13
7112,9
7113,9
7114,5
7115,9
7116,8
7117,4
7118,10
7119,5
7120,13
7121,10
7122,9
7123,3
7124,10
7125,2
7126,4
7127,7
7128,8
7129,7
7130,2
7131,2
7132,5
7133,7
7134,7
7135,13
7136,4
7137,3
7138,8
7139,6
7140,13
7141,7
7142,10
7143,7
7144,1
7145,1
7146,8
7147,5
7148,1
7149,1
7150,7
7151,3
7152,13
7153,3
7154,9
7155,5
7156,13
7157,1
7158,10
7159,4
7160,3
7161,3
7162,6
7163,9
7164,8
7165,10
7166,4
7167,2
7168,9
7169,13
7170,5
7171,8
7172,1
7173,5
7174,13
7175,7
7176,2
7177,6
7178,5
7179,9
7180,2
7181,5
7182,1
7183,1
7184,7
7185,1
7186,2
7187,1
7188,6
7189,5
7190,13
7191,4
7192,9
7193,5
7194,3
7195,9
7196,3
7197,5
7198,1
7199,2
7200,6
7201,9
7202,4
7203,3
7204,5
7205,3
7206,7
7207,2
7208,5
7209,9
7210,6
7211,13
7212,5
7213,8
7214,6
7215,7
7216,4
7217,7
7218,1
7219,8
7220,2
7221,8
7222,2
7223,3
7224,5
7225,4
7226,7
7227,5
7228,1
7229,5
7230,5
7231,9
7232,9
7233,3
7234,13
7235,3
7236,6
7237,7
7238,2
7239,7
7240,3
7241,8
7242,9
7243,7
7244,5
7245,1
7246,13
7247,13
7248,7
7249,2
7250,6
7251,1
7252,10
7253,3
7254,6
7255,6
7256,5
7257,2
7258,8
7259,3
7260,1
7261,3
7262,9
7263,10
7264,3
7265,10
7266,9
7267,6
7268,5
7269,3
7270,5
7271,5
7272,9
7273,2
7274,4
7275,6
7276,2
7277,4
7278,7
7279,2
7280,2
7281,1
7282,2
7283,3
7284,5
7285,5
7286,3
7287,9
7288,1
7289,13
7290,6
7291,2
7292,1
7293,1
7294,9
7295,5
7296,4
7297,5
7298,9
7299,9
7300,1
7301,1
7302,10
7303,5
7304,13
7305,6
7306,3
7307,6
7308,7
7309,9
7310,6
7311,5
7312,1
7313,2
7314,9
7315,9
7316,4
7317,5
7318,2
7319,7
7320,5
7321,5
7322,7
7323,10
7324,4
7325,3
7326,9
7327,13
7328,7
7329,2
7330,13
7331,13
7332,9
7333,3
7334,8
7335,13
7336,1
7337,9
7338,4
7339,2
7340,7
7341,3
7342,4
7343,4
7344,2
7345,9
7346,7
7347,13
7348,5
7349,9
7350,13
7351,2
7352,2
7353,6
7354,9
7355,8
7356,8
7357,3
7358,6
7359,3
7360,13
7361,10
7362,8
7363,4
7364,2
7365,4
7366,3
7367,13
7368,4
7369,13
7370,9
7371,7
7372,8
7373,9
7374,7
7375,3
7376,13
7377,10
7378,9
7379,7
7380,8
7381,13
7382,9
7383,13
7384,6
7385,4
7386,9
7387,13
7388,7
7389,9
7390,2
7391,6
7392,8
7393,10
7394,13
7395,7
7396,5
7397,7
7398,5
7399,10
7400,7
7401,2
7402,1
7403,7
7404,10
7405,13
7406,1
7407,7
7408,1
7409,13
7410,1
7411,13
7412,1
7413,13
7414,4
7415,4
7416,1
7417,6
7418,3
7419,7
7420,9
7421,3
7422,1
7423,1
7424,7
7425,6
7426,8
7427,6
7428,1
7429,7
7430,7
7431,6
7432,8
7433,6
7434,4
7435,5
7436,6
7437,5
7438,1
7439,4
7440,3
7441,7
7442,3
7443,9
7444,3
7445,2
7446,3
7447,8
7448,2
7449,5
7450,8
7451,7
7452,9
7453,4
7454,7
7455,5
7456,3
7457,3
7458,3
7459,3
7460,1
7461,5
7462,4
7463,9
7464,2
7465,5
7466,5
7467,13
7468,5
7469,3
7470,10
7471,10
7472,2
7473,3
7474,3
7475,1
7476,13
7477,7
7478,3
7479,9
7480,13
7481,5
7482,7
7483,7
7484,5
7485,4
7486,8
7487,1
7488,2
7489,7
7490,13
7491,4
7492,1
7493,13
7494,3
7495,4
7496,4
7497,8
7498,7
7499,9
7500,1
7501,2
7502,13
7503,5
7504,3
7505,9
7506,13
7507,13
7508,6
7509,6
7510,7
7511,9
7512,13
7513,2
7514,10
7515,1
7516,8
7517,4
7518,13
7519,13
7520,10
7521,9
7522,5
7523,8
7524,4
7525,5
7526,1
7527,13
7528,10
7529,2
7530,10
7531,1
7532,8
7533,10
7534,7
7535,10
7536,6
7537,9
7538,6
7539,2
7540,8
7541,8
7542,2
7543,8
7544,1
7545,13
7546,13
7547,1
7548,8
7549,10
7550,9
7551,8
7552,7
7553,7
7554,1
7555,9
7556,6
7557,10
7558,1
7559,8
7560,3
7561,7
7562,6
7563,1
7564,3
7565,9
7566,3
7567,5
7568,10
7569,9
7570,4
7571,4
7572,5
7573,8
7574,1
7575,2
7576,7
7577,1
7578,8
7579,13
7580,6
7581,10
7582,6
7583,2
7584,3
7585,3
7586,8
7587,13
7588,9
7589,6
7590,13
7591,8
7592,3
7593,4
7594,1
7595,7
7596,3
7597,1
7598,5
7599,5
7600,2
7601,9
7602,7
7603,7
7604,10
7605,9
7606,10
7607,13
7608,4
7609,8
7610,13
7611,5
7612,8
7613,1
7614,9
7615,5
7616,13
7617,4
7618,5
7619,7
7620,7
7621,9
7622,13
7623,9
7624,3
7625,10
7626,7
7627,5
7628,5
7629,8
7630,2
7631,2
7632,6
7633,5
7634,6
7635,5
7636,6
7637,9
7638,10
7639,9
7640,6
7641,4
7642,6
7643,2
7644,10
7645,9
7646,6
7647,1
7648,3
7649,8
7650,3
7651,4
7652,10
7653,2
7654,2
7655,10
7656,10
7657,3
7658,3
7659,13
7660,7
7661,6
7662,13
7663,6
7664,3
7665,2
7666,9
7667,10
7668,2
7669,2
7670,13
7671,9
7672,1
7673,3
7674,5
7675,1
7676,6
7677,3
7678,4
7679,5
7680,1
7681,5
7682,8
7683,13
7684,9
7685,5
7686,1
7687,9
7688,10
7689,10
7690,4
7691,9
7692,13
7693,8
7694,10
7695,13
7696,2
7697,7
7698,1
7699,7
7700,5
7701,9
7702,10
7703,5
7704,10
7705,3
7706,3
7707,13
7708,3
7709,13
7710,2
7711,4
7712,7
7713,3
7714,5
7715,6
7716,8
7717,3
7718,1
7719,3
7720,10
7721,10
7722,5
7723,13
7724,5
7725,8
7726,13
7727,9
7728,5
7729,4
7730,6
7731,5
7732,9
7733,5
7734,7
7735,3
7736,10
7737,2
7738,4
7739,9
7740,2
7741,8
7742,3
7743,9
7744,5
7745,2
7746,1
7747,7
7748,10
7749,6
7750,9
7751,2
7752,7
7753,3
7754,3
7755,1
7756,8
7757,1
7758,3
7759,10
7760,2
7761,4
7762,5
7763,5
7764,3
7765,4
7766,8
7767,13
7768,9
7769,10
7770,8
7771,13
7772,13
7773,13
7774,7
7775,8
7776,6
7777,2
7778,10
7779,7
7780,7
7781,2
7782,5
7783,5
7784,3
7785,5
7786,2
7787,10
7788,9
7789,9
7790,2
7791,4
7792,3
7793,1
7794,7
7795,5
7796,13
7797,8
7798,3
7799,8
7800,3
7801,5
7802,3
7803,7
7804,7
7805,2
7806,6
7807,2
7808,1
7809,8
7810,2
7811,6
7812,8
7813,3
7814,7
7815,4
7816,4
7817,8
7818,2
7819,10
7820,8
7821,1
7822,6
7823,1
7824,9
7825,5
7826,3
7827,3
7828,7
7829,5
7830,5
7831,3
7832,13
7833,4
7834,5
7835,10
7836,9
7837,5
7838,7
7839,6
7840,9
7841,8
7842,10
7843,3
7844,1
7845,3
7846,2
7847,3
7848,6
7849,5
7850,9
7851,3
7852,7
7853,3
7854,5
7855,3
7856,1
7857,6
7858,3
7859,7
7860,8
7861,13
7862,13
7863,13
7864,7
7865,10
7866,5
7867,1
7868,9
7869,13
7870,7
7871,6
7872,1
7873,4
7874,4
7875,7
7876,3
7877,2
7878,7
7879,1
7880,1
7881,1
7882,8
7883,10
7884,8
7885,1
7886,2
7887,5
7888,8
7889,10
7890,9
7891,10
7892,3
7893,5
7894,13
7895,7
7896,4
7897,3
7898,3
7899,4
7900,10
7901,13
7902,9
7903,7
7904,13
7905,2
7906,2
7907,9
7908,6
7909,9
7910,2
7911,13
7912,5
7913,3
7914,4
7915,13
7916,1
7917,5
7918,8
7919,13
7920,3
7921,3
7922,4
7923,1
7924,3
7925,2
7926,8
7927,13
7928,13
7929,1
7930,5
7931,13
7932,10
7933,2
7934,10
7935,4
7936,2
7937,10
7938,1
7939,9
7940,2
7941,2
7942,2
7943,8
7944,1
7945,6
7946,5
7947,7
7948,9
7949,2
7950,6
7951,4
7952,13
7953,2
7954,13
7955,8
7956,5
7957,8
7958,13
7959,5
7960,1
7961,6
7962,13
7963,7
7964,4
7965,2
7966,9
7967,7
7968,13
7969,3
7970,4
7971,7
7972,5
7973,6
7974,8
7975,3
7976,5
7977,5
7978,8
7979,2
7980,10
7981,8
7982,5
7983,2
7984,2
7985,3
7986,10
7987,10
7988,4
7989,1
7990,3
7991,4
7992,2
7993,2
7994,4
7995,7
7996,7
7997,1
7998,8
7999,6
